x1,x2,doc_id,topic_n
0.15539407627918514,0.24666187785114516,0,5
0.03626111181961778,-0.11116751859787517,1,4
-0.020582137508005218,0.007277266423995671,2,8
-0.20000665382863397,-0.11690690698071292,3,9
0.12396028691207739,0.02965835932164445,4,6
-0.12561216873950615,0.15344284499919927,5,3
-0.06002759757137526,-0.1661640250186152,6,7
-0.08597555626835961,0.11498671682765538,7,3
-0.08284090687495298,0.14907634792511815,8,3
0.040673633910654754,0.07805953155114888,9,5
-0.1635118512973371,0.2584294329223543,10,3
-0.04298834750306728,-0.060484626728898844,11,2
-0.11492802048425887,0.11574656658896394,12,3
-0.054257010805377634,0.10077536122691551,13,9
-0.05360141291135505,0.11681656913180324,14,3
0.048048629530744284,-0.3455298078911843,15,4
0.11769935440720981,0.1088791206159133,16,0
-0.052189420603497946,0.05865943835162842,17,3
0.039017247658140804,0.21639720205631183,18,0
0.10233265686685974,-0.1975649880470121,19,4
0.036770048844900566,-0.04025850189231545,20,5
-0.004945704250051336,-0.13377450544614117,21,7
0.1478502874863418,-0.03263931802262212,22,9
-0.15019184855658724,-0.08280314984982945,23,7
0.034328596187310594,0.06098093290501758,24,7
0.20246773865880602,0.08436618327372405,25,1
0.08033636541726136,0.004077824071708918,26,9
0.017761027014217695,0.31175624221480325,27,0
0.15612191730549618,0.00675978322330409,28,6
-0.03256884021044856,0.3128805452521734,29,0
0.02911199963334127,-0.10907246523591167,30,4
-0.006253941795914451,0.14487901218052057,31,3
-0.10274346539284836,-0.11242491095983095,32,2
0.036525087231503515,-0.17225699627099791,33,4
-0.18462253725991404,-0.08589597538670159,34,7
-0.09328327147703325,0.05343295832966496,35,8
-0.1721660439952632,0.025958832552507763,36,8
0.09326657940324205,-0.21924425476020495,37,4
0.08785500537126201,-0.017539967430375752,38,9
0.02540280888884762,-0.17241212912765186,39,4
0.17183946543479553,-0.15563295859387644,40,7
0.020779689381048856,-0.19734719974444226,41,4
0.10138314644746416,-0.2270977330940452,42,4
-0.006770761449348884,0.3544356348192344,43,0
0.4176138584240471,0.09185232719000389,44,9
0.3023154338686023,-0.0006695923820089619,45,6
-0.06048907938842018,0.3052657403136739,46,0
-0.17650101404889532,-0.18328938248801757,47,2
-0.009759167110779036,-0.10420628878892621,48,4
0.1737068071694508,-0.2839606636003722,49,4
-0.1698624757778591,0.10844491072814606,50,0
0.05006075048433867,-0.12820107761056923,51,4
0.009117128434975622,0.04284596641661438,52,5
-0.022150261358959127,0.13922399992441878,53,3
0.0735266310471043,-0.13926907208713574,54,4
0.17748287633169815,0.28453485847058035,55,5
-0.06219839607368918,0.0321286608105795,56,1
-0.09634228437824086,0.1637918688356178,57,3
-0.0822076074024111,0.006119308300707035,58,3
0.013653039919236883,0.13322678483213907,59,5
-0.04804069193817692,0.08440296205662957,60,3
0.00038299403359947753,-0.0018936219810313129,61,7
-0.06536439873468805,0.09566835594864824,62,3
-0.03153903048914907,0.14076576934074667,63,1
0.022175659415293,0.05198314482390774,64,5
-0.013633305072495053,0.17333526370427493,65,0
0.08641616474103653,-0.17962616742347162,66,4
-0.016337107615460793,0.10133742096003089,67,8
-0.1636994885684671,-0.19147737980497018,68,2
0.014906278624839758,-0.08839982147105067,69,4
0.21805770781156944,-0.15186694418341082,70,7
-0.17315370726805943,-0.037081205346935604,71,9
0.06280629949773806,-0.01215569500889404,72,9
0.23951088303069365,-0.028899094472932967,73,6
0.002000633693228356,0.23283939634414014,74,0
0.2178478698609402,-0.03176040156392839,75,6
0.03160173159289439,0.1566991964050576,76,5
0.08463119568873538,-0.27342013735332255,77,4
0.3413055054126837,0.0008286942552634422,78,6
-0.33062668449485944,0.0666722084828205,79,8
0.2793358315938626,-0.024963308434629263,80,6
0.044726810417760214,-0.21731813747585224,81,4
0.011072295541563484,0.2129052504057758,82,0
0.32103708542928344,-0.03677680141289267,83,6
0.018122003734416896,-0.1255176000876362,84,4
0.12067119781589888,0.01871770510725153,85,6
0.03309684546575242,0.15604382023586466,86,0
-0.004814995226899086,-0.08168856955516364,87,9
-0.12624769732450222,-0.040362613066483234,88,9
-0.050772388707127074,-0.07494178950843597,89,8
-0.084903133737106,0.09290009891048182,90,3
-0.21407757970045985,0.02360522599989446,91,8
-0.12267876851808679,0.07429974656017885,92,3
0.019558202132990365,0.0032934128175242127,93,1
-0.06391441563602365,0.0009274614629946101,94,3
-0.1910653272580175,0.03998778929748087,95,8
-0.11899405222711923,0.05213705546599895,96,8
0.012321229603189338,0.012493728711309842,97,9
-0.009676627817441923,-0.02426681625106342,98,7
0.07679543870852053,-0.15297126474701228,99,4
0.02522061231712235,0.015881166854180357,100,3
0.10469046942368929,0.037020268361251406,101,6
0.041624775418084486,-0.29875197660140823,102,4
0.08986937436960428,-0.24357293551176223,103,4
-0.10749712524353769,0.040143665620844086,104,7
0.1465903488118694,-0.3999242254321465,105,4
0.03951493751357841,-0.21587062410287441,106,4
0.1821005666626338,0.08295088312325469,107,1
0.09139263575598561,0.03336296928435969,108,1
-0.02277804306763326,0.17188048284050203,109,0
-0.017582099463425597,-0.02825790010026467,110,1
-0.28908839387144486,0.06569981940384127,111,8
-0.0817647374963639,0.1863876042610069,112,3
0.1286301274521263,0.17031084094082327,113,5
0.01562178470568936,0.07807313992607347,114,3
-0.10228524469713322,0.1610275848670575,115,3
0.020622617307406506,0.10522599453003897,116,5
0.035065738098898035,0.013189545443332023,117,7
-0.04782690062944776,0.07949532172401168,118,3
-0.1730994812329952,-0.18496898641554646,119,2
-0.22354878267658793,-0.05311859443145782,120,7
-0.07376457448840348,0.08028234679153567,121,3
-0.1491677993181706,0.05769856724004913,122,8
0.040415050404330834,-0.01451102575078178,123,7
0.1404177688169767,-0.09418658151675428,124,6
-0.08324855730960834,-0.23002333032819408,125,2
0.12886044486035314,0.10355620823757775,126,6
0.0018078513924082956,0.1260623943947751,127,0
0.08856398286535978,-0.21397189240324677,128,4
-0.07572543728523705,-0.20202419306474,129,2
0.09497558621185331,0.03459366971470036,130,6
0.0987938639985303,-0.05979433550523061,131,1
0.16018095363579943,-0.010100203016358344,132,6
0.15207571348319984,0.09880665222426126,133,6
0.11021353050916448,-0.29723643145537015,134,4
0.003253761401064871,-0.0478072488376413,135,2
0.09629543504773574,-0.19141260200493912,136,4
0.019068118815291295,-0.00512390679300762,137,9
0.023152114867727128,-0.21857479353208714,138,4
0.2537217181024472,-0.023455861818468433,139,6
-0.043414511568863924,-0.0997824521087868,140,9
0.22211786670392616,-0.0024115811750699896,141,6
-0.10392366196124155,0.0639508782360853,142,8
-0.045942741934884894,0.03318643411760354,143,3
0.15219918101829058,0.07757100549417278,144,9
0.26990315237798607,0.0976971610232255,145,5
0.14295536986103585,-0.31930511350796664,146,4
0.03008799514762446,0.1759392442078199,147,0
0.040899986362421994,0.24668282576114597,148,0
0.10503045622489322,0.2903151502353182,149,0
-0.009322491895431393,0.3792450688930039,150,0
0.014619942121875045,0.21261741304483928,151,0
0.033913452910469974,0.29570648421974954,152,0
0.0017060768921757015,0.41637100631268964,153,0
0.035883723259771814,0.30866198081593244,154,0
-0.01712928428185836,0.38373818618376976,155,0
0.0034359987550839836,0.2652777430815514,156,0
0.017946807753539486,0.18267601458700092,157,0
0.018169775801027663,0.23798514210597532,158,0
-0.030620954035469182,0.058069778963923645,159,3
0.1061881405199029,0.02253664482067501,160,1
0.2975538742094919,-0.05603557925812391,161,6
0.007740899737408623,-0.0014936124581099025,162,1
0.030329737615445454,0.01250874565870098,163,6
-0.21770773667795137,-0.027874313339972926,164,1
0.08303466103394373,-0.04047411189277245,165,6
0.1205721862372869,0.06260255749718545,166,9
0.11569331762728056,-0.02711997545630873,167,1
0.16675848937226745,0.08094514717649469,168,1
0.06014496620675194,-0.15281697592107396,169,4
0.20466899668080277,-0.031773920041075744,170,6
0.3623532271113492,-0.03696532264874847,171,6
-0.18871144024302478,0.03492518739537449,172,8
0.041960795811099474,-0.05175162005938764,173,4
0.12838906478332204,-0.2715573566380552,174,4
0.015126671930063054,0.2366578503273946,175,0
0.07394356962930893,-0.19184011686504737,176,4
0.06886089708012151,-0.21612974910111815,177,4
-0.018864234557304838,-0.10766879355164687,178,2
0.07902239786540038,-0.12399223421929878,179,4
-0.0920029174740913,-0.12550732081601357,180,2
-0.03523899703724978,0.17918233633270653,181,0
-0.2104561928767628,-0.09971171751233421,182,7
0.05924942915557523,0.010862914301268215,183,1
-0.10163038764822756,-0.08352192114562895,184,2
0.08209267182651982,0.0032786347801223967,185,9
-0.2288223163292806,-0.06136869955183089,186,7
0.3339121053037175,-0.031453553742540136,187,6
-0.2448688482695625,-0.0834597699664687,188,7
0.14039351831216362,-0.03472825053541062,189,6
-0.016157165582720425,0.30495081627497145,190,0
0.2173463760906326,0.014520332703750605,191,6
0.19650562502276758,0.10307188440392431,192,1
0.16719654323277933,0.09612247304888707,193,1
0.030517442383389545,-0.03698894275704709,194,4
0.23425020032610847,0.08184259743871301,195,1
-0.10550773962569845,0.07498543605544584,196,8
-0.3082778269561899,-0.1781222267062423,197,1
0.18186155664061363,-0.12586972859517112,198,1
0.216110638584865,0.18819848247721205,199,1
-0.07183934753161722,-0.08497173648629731,200,2
0.059643377078259986,-0.00609052126706554,201,1
0.12223061581612193,0.16474833576681938,202,5
0.1689989566586553,-0.02021819947336214,203,6
0.018330956453909586,-0.18564312923505502,204,4
-0.10956552720167115,-0.1332337025610174,205,2
0.07467035037180275,-0.1574949942763995,206,4
0.059885740471161165,-0.10318863649034044,207,4
0.2812881549635237,-0.08496865747055737,208,6
0.2040042651301387,-0.07675996723014412,209,9
0.030438076652384873,-0.09344338724936821,210,4
-0.11076956542319952,-0.1863626428902443,211,2
-0.06598553755182092,0.023438836399946372,212,9
0.08842955990011953,-0.1668632379559985,213,4
-0.08027190003128269,-0.23351052403977832,214,2
0.03883211074837809,0.07137537244245591,215,5
-0.0050803899048628585,-0.17176700148360055,216,4
0.06302786694288193,-0.16204381917382343,217,4
0.04282944904828199,-0.007214109824923673,218,1
0.06524550532076787,-0.1487566083860676,219,4
0.021534473722569277,-0.11222117495368539,220,4
-0.13436069695925473,-0.17805567017507448,221,2
0.10218134351702858,0.0839104182102621,222,5
0.19753067152959589,-0.035678202709651226,223,9
0.1266740787051037,0.18617198485333988,224,5
-0.09910042415914133,-0.11412156537156629,225,2
0.062235912519106665,0.05723360056481392,226,5
0.11493967668477263,0.20396755221164573,227,5
-0.03901284397576713,0.1151930699025642,228,8
0.021811955891067596,-0.058169810148629375,229,9
0.16020760860934738,0.19892229152892119,230,5
0.14737695443096213,-0.013507882858220048,231,9
0.0005047530117382978,-0.030528466761627644,232,5
-0.06874010882398753,-0.003765406319368524,233,1
-0.19218827241211414,-0.19845734576333354,234,2
-0.06237471656738207,0.22728565401122247,235,1
-0.1558147884848498,-0.09786236532783185,236,7
0.2299427515156827,-0.025956471974956215,237,6
-0.05138239454890038,0.02035556712638644,238,3
0.03599811885087324,0.22663066478202606,239,0
0.10840780402163962,-0.3145528815551329,240,4
0.06723619176642644,-0.2707046401370463,241,4
0.0254468110776982,-0.045287387450689,242,5
0.2605798841440444,-0.0029195810957054246,243,6
0.006301623022003294,-0.027011918842942163,244,2
0.09262342999470626,-0.08642352685254859,245,6
0.05166205047471662,-0.20096050986419245,246,4
0.06613106215119442,0.11164639028359385,247,5
0.08406461081041088,-0.2233045862643598,248,4
0.010803076251714365,0.19604782243377566,249,0
-0.0021470433719589627,0.14500195511578873,250,0
-0.053884841308796956,0.17553340625566097,251,0
-0.16671162894978236,-0.15934019771364638,252,2
0.023328865672138464,0.07098503441694316,253,2
-0.07627085479704164,0.04634313167504925,254,3
0.10038993855254501,-0.2781655678728089,255,4
0.05010055324653313,-0.0747773990695917,256,2
0.16737652811622328,0.010150236735473515,257,6
0.01712989585722922,0.165599596614361,258,0
0.25814706060730436,-0.03856966545952047,259,6
0.030437613611248734,-0.06707729106276603,260,4
-0.2552354960136865,-0.2673984625607694,261,2
0.03066309770152377,-0.2029239086278025,262,4
-0.053926030336866194,-0.16693913877659755,263,2
0.048920349085244876,0.09734599316470727,264,5
-0.017951546053468076,-0.1306703656858057,265,4
0.19024342597909688,-0.1064349201483435,266,6
-0.09174136118448899,0.12831103852791428,267,3
0.1025126946446567,-0.15622595087155858,268,4
-0.14638265186356259,0.19293179504665506,269,3
-0.18430940572075494,0.17099162978846869,270,3
-0.08353934986446374,0.12562255929931515,271,3
-0.1352274412768871,0.15153113384391492,272,3
-0.03712584217527619,0.07577487713467278,273,3
0.12428903061927189,0.0973452258629634,274,1
-0.15608328215491593,0.19292821455385087,275,3
-0.0827500688162948,-0.01840507747820358,276,8
-0.2949701300811324,-0.04555228244119248,277,0
-0.17207540398426407,-0.014418075488497184,278,7
0.009022471748917451,-0.041393133649914565,279,7
0.011093892064877363,0.09169219659082001,280,0
0.0441244166945995,0.041275056387575046,281,0
0.2749458811783076,-0.0833697676562668,282,6
0.0977687975452598,-0.3396952585342361,283,4
-0.16615724339316026,-0.022242650664676164,284,3
0.11565223070875048,-0.30621381749824156,285,4
0.21760781787854688,-0.052127344305479204,286,6
-0.031336346531512224,-0.07988356761457449,287,9
0.13764266499854272,-0.11857705255258323,288,5
0.23537002765964127,0.03528229295872309,289,6
-0.05521713262018589,0.037876094585728264,290,7
0.10380628862836641,-0.07669434986498562,291,9
-0.09009215738204683,-0.015058165990710927,292,7
-0.21053473520916982,-0.095354112131108,293,7
-0.12495189967260022,-0.09233802188692507,294,7
0.03834717868608259,0.03205589286091991,295,7
-0.06192293507087876,0.038594203207561184,296,3
0.31493893056309097,-0.060197574197724334,297,6
-0.027270565085950972,0.24391210800329055,298,0
0.24632211943323062,0.12131857479953378,299,1
-0.12297053062588545,-0.07815461987386887,300,7
0.0534361294738767,-0.17166190877742069,301,4
-0.06795733843702392,-0.06868101343914546,302,2
-0.02665424865147888,-0.11790258039309863,303,2
-0.019717137958052532,-0.05130551862935693,304,3
-0.00930789650206273,0.21758176941600746,305,0
0.11357160458971217,-0.18838529325963282,306,4
0.059369538930826235,0.030707301721331008,307,5
-0.12127113151134,-0.2631262009557313,308,2
-0.14054031342245016,0.05920324004910342,309,8
0.0690108454199831,-0.14962907532914677,310,4
-0.11047965644358669,-0.2943590742249589,311,2
-0.02999490080062407,-0.19553893353233268,312,9
0.09917618707205904,0.02670010990011699,313,1
0.08154589447722227,0.01689860712051365,314,5
-0.08849430387569207,-0.1474287407204001,315,2
-0.12753737389564004,-0.08596144656203732,316,9
0.10806609738514947,-0.013213202140632286,317,6
0.10821011159459619,-0.32280761440592476,318,4
0.05912825049572017,-0.20201068063912514,319,4
-0.029981767068349586,-0.09862323310558872,320,4
0.14047699813026168,0.042418128299745436,321,1
-0.043395783175359456,0.07073445045569887,322,3
-0.3303476710715541,0.09228331838648378,323,8
0.08331385278842969,-0.24427606722095568,324,4
-0.13163910750043908,-0.02697422052037459,325,7
-0.018400884746174156,0.03422099595397749,326,7
-0.09480038966037625,0.13991790691870476,327,3
0.06530990268128924,0.10903849430478972,328,1
0.17517119181910581,0.11386761505244467,329,6
-0.02079505240108084,-0.32472416854203295,330,1
0.038803321469447156,-0.010577261070954256,331,9
0.062407489773115915,-0.1478080522943507,332,4
-0.0474676162327034,-0.18366671957575442,333,7
-0.13881052506998753,-0.15922150428114312,334,2
0.23499715481429753,-0.08215277739014283,335,9
-0.015726019979513818,0.031485700946710826,336,0
0.02674148929989415,-0.1406586786981472,337,4
0.11305021150587329,-0.33079833524549773,338,4
-0.05584560428537108,0.12409664442808102,339,3
0.08427290138376124,-0.1807088767069031,340,4
0.05013267799637806,0.06003197266420343,341,5
0.06116275718526527,-0.06192747223278376,342,9
-0.040626678567755196,-0.14816980623310946,343,2
0.1746420330556352,0.14949838841357377,344,1
0.0036222699570771836,-0.16383093996643164,345,7
-0.048876236973199275,-0.07882305692628719,346,2
-0.1594107262246097,-0.14348005768754157,347,2
0.057417364979282716,-0.1704999600085406,348,4
0.20709050720266334,0.05190875659958856,349,1
-0.11411573793324169,-0.045509296902021656,350,7
-0.1235269840909896,-0.02735569387056779,351,7
-0.17197113493486305,0.00576709157492036,352,7
0.03041424070366931,-0.14597595234777747,353,4
-0.03967130332063102,-0.143234055702451,354,7
-0.05201931690485265,0.23955744454592812,355,0
0.17345791510871789,-0.05863432298495323,356,6
0.06438254121681505,0.022466015686515184,357,9
0.06770557978502557,-0.19935584275518484,358,4
-0.29224826640833806,-0.02829924308343318,359,8
-0.22266778028925147,-0.29898782540730273,360,2
0.026834335599454633,-0.06722117048417695,361,5
0.0400125811957693,-0.1949999044648914,362,4
0.24885502192315961,-0.09930135105738327,363,6
0.10555238516761178,-0.1255034991331406,364,4
0.08309378603631389,0.07267847386355127,365,1
-0.20676056101010082,-0.2639132008300037,366,2
-0.005392838748168702,0.024071438682190794,367,0
-0.11137587703230661,-0.18377569196456014,368,2
-0.23470856287640998,0.05831418497746339,369,8
0.09949293959825548,0.009973424071244253,370,1
0.09039281026708,0.1097365801030731,371,0
-0.17570237499942618,-0.19510213948953636,372,2
-0.054149670058684804,-0.07925525849177564,373,7
0.07331944668281659,-0.1725846153114857,374,4
0.09093731360288909,-0.2644819908288024,375,4
0.01784336323593382,0.039783689241903994,376,8
0.027224330916663902,-0.14085493842915764,377,4
0.019073664212121325,-0.08351865473257854,378,4
0.12093119472007056,-0.3417166637385733,379,4
0.17132298185880815,-0.011349599347701253,380,1
-0.10117448490865795,0.007080484185764825,381,3
-0.12279510114922908,0.05040254410648229,382,7
-0.10923184658665168,0.10054431540966871,383,3
-0.0718997046363574,0.05487863977483726,384,8
0.09021467251567578,0.07533694191065601,385,1
-0.20115086162817056,0.26979579544986454,386,3
-0.04947989570201087,0.10788800785204002,387,3
-0.10508057112698102,0.13405431557924102,388,3
-0.07005738066637014,0.08249170289868253,389,3
-0.2871377565913036,0.04314489180551816,390,8
0.06542437423817284,-0.16336174252419228,391,4
-0.13544085093336658,-0.15750428766555197,392,2
0.20819539960664943,0.13159679784286135,393,9
0.14203785376307473,0.1164844100726217,394,9
0.11072878556660225,0.05881611722466691,395,6
0.019367526613187844,-0.08855324659591586,396,4
0.1584259685566801,-0.07162826248926427,397,6
0.04602030865746572,-0.14183032708978643,398,4
0.06389323535440061,-0.12214567754785585,399,9
0.018653892265680778,0.10847966335003595,400,5
-0.0981226800183407,-0.2179191937830798,401,2
0.12309123395049162,-0.03551232213999827,402,6
-0.236267024613777,0.061316137163515735,403,8
-0.019722344343649313,-0.1090557544508549,404,2
0.03954876333899683,-0.06563316989266868,405,1
-0.10021543826569135,0.03300692255208518,406,7
0.09777775208040908,-0.18286730280901364,407,4
0.0643485045948988,-0.08637260629053473,408,4
-0.15383227515301817,-0.20561852883199233,409,2
-0.11081492189969827,0.14115072144364108,410,3
0.011393316159798883,0.04586693467928947,411,5
-0.03536284612321299,-0.14505430404305994,412,2
-0.0901539163926485,0.07738597282697562,413,3
-0.10426422678627968,-0.06526368398321852,414,9
0.19304497599587248,0.22060110328130209,415,5
0.11231343036765061,-0.3123592198762739,416,4
0.10611683132167976,-0.276616080312374,417,4
0.0866834140133755,-0.08403338474497526,418,0
0.06690997830161902,0.1539442131227628,419,5
-0.09467000247670224,-0.058907183304806925,420,7
-0.04946897224807207,-0.10356133116487669,421,2
0.16624172342956592,-0.03787884440570865,422,5
0.07961556616319865,-0.06530084986881286,423,6
0.18543645016638752,-0.07494713138820784,424,7
-0.028233297831830245,-0.034185371844045506,425,2
0.032509664678969125,-0.22370282244176495,426,4
-0.08078876695711422,-0.16257060512984145,427,7
0.1017213675499304,-0.11733359418089902,428,4
0.10551391645956819,-0.26364394526746454,429,4
-0.15482956630401812,-0.06129592500109648,430,8
0.1366472689361994,0.05866795269003548,431,1
-0.01670783449635456,-0.07159637505642576,432,4
0.02635296894816037,-0.1507856771158899,433,4
0.04834443316173337,-0.22945041465059107,434,4
0.024128440256708728,0.22350331424772552,435,0
0.1747808150682067,-0.16985175236820116,436,4
0.2192047624055227,-0.03618468291353379,437,6
-0.002606948273762376,0.24219512985252384,438,0
-0.1260802445761615,-0.1505523505760295,439,2
-0.08039315328705904,-0.049006678497041316,440,2
-0.15272280332204569,0.2021407921389583,441,3
-0.2635730722347298,-0.29698366957577493,442,2
0.2850011362933108,0.16048497713369822,443,1
-0.07883830156125447,-0.1814847495491307,444,9
0.02707889988270443,0.04651548741910595,445,5
0.035331739251496096,0.05360620206684504,446,6
-0.09737277529760852,0.042655501643395,447,3
0.08308392944961097,0.012107961787528635,448,9
0.013733348963175202,-0.10916585838401575,449,4
0.24905248397495508,0.10975613905238514,450,1
0.08745549961866543,-0.12070447987337683,451,4
0.13909237207918543,-0.14830904981121468,452,1
-0.14191988748882559,-0.05071872191854087,453,2
0.049121197342935935,-0.2420963289849767,454,4
0.14210288303498722,-0.18638589048271414,455,4
-0.09226934878678136,0.07862748939974656,456,3
0.00898009809100658,0.03907404404512703,457,7
0.22374357289822222,0.02230132151387145,458,9
0.10171134803660206,-0.2130866311177295,459,4
-0.18831572697086266,-0.24587762724100434,460,2
-0.10487930900931358,0.14462344604995123,461,3
-0.14514331750562304,0.1997468944652476,462,3
-0.1700096308167183,0.2242362747384131,463,3
-0.15440363884880434,0.15872024824362885,464,3
0.1427549165076343,-0.02380815594708774,465,9
0.1891466250627387,0.15676770696724404,466,1
-0.0050162686329600905,0.06440178632499846,467,1
-0.06858831124443415,-0.05637470915459646,468,2
-0.07312358427610874,-0.09413842150023351,469,2
-0.027029175500410393,0.20397781552723604,470,0
0.026006175241764153,-0.08520423618457965,471,7
-0.02244350056385568,-0.06963828498258537,472,9
-0.07836379055959149,0.09001550928035491,473,3
-0.07452520355009692,-0.09748395558488958,474,2
0.0699952051557532,0.10553247755481188,475,5
0.0840508099544064,-0.06564709755969839,476,1
0.08411098626741688,0.10785123139350959,477,5
0.09946572804748559,-0.13604909948297012,478,4
-0.06786053097232808,0.0018607232130581444,479,7
0.15246588359820526,0.27028982153059716,480,5
-0.13735627147824264,-0.02742321209710814,481,7
0.16694973967768062,0.002530831176816839,482,6
0.18592416250820654,-0.012867498701432998,483,6
0.06597792239695875,-0.259975162735752,484,4
-0.17666079854875483,0.10228574491230857,485,7
0.11719833544650096,-0.27408681486718844,486,4
0.13653861458361324,0.09871349620096236,487,1
0.02533811803334233,-0.1439127997326087,488,4
0.17670709821908903,0.1391714238822676,489,5
-0.12345622475461025,0.08813747899522309,490,3
0.04404209563805058,-0.014890081815792747,491,9
-0.012935171064078018,-0.07823095957372456,492,9
0.11812666730962322,-0.042542301700556076,493,7
0.14958932578537082,-0.09876611435488394,494,7
0.003101488969517235,0.006665797825331827,495,7
0.00267833240253773,-0.17222003675835088,496,4
0.13445572428790106,0.17610948108962504,497,5
0.04442076892967127,0.10039037985188569,498,5
0.08381731338706765,-0.06883002814807156,499,1
0.17713266384257623,-0.0043740166090470945,500,6
0.051078016793988275,0.018086264848177158,501,9
-0.09284653446304418,0.11959549872386213,502,3
-0.11684479995249465,-0.14741536916281475,503,2
-0.19544902058702443,-0.2203007988697167,504,2
-0.04751179924173691,-0.018596189111687388,505,3
-0.16614562992622234,-0.15488104707137765,506,2
-0.11031253759017688,-0.004146253455472147,507,3
-0.13195911896510332,-0.17591244986731078,508,2
-0.2036859130542309,-0.14316355008537113,509,2
-0.18473548925093383,-0.25635721854278665,510,2
-0.11917239710249923,0.10934288938494227,511,3
0.08970209874511098,0.02005126493649983,512,1
0.0300222150359831,0.07894529913614864,513,5
0.0008817603454057799,0.042880838684557804,514,5
-0.03158747651444369,-0.12107180947657158,515,7
0.11991325347310937,-0.12675868736411766,516,6
-0.04082719814153112,-0.0440627781566249,517,2
0.3224804245210805,-0.05329133196655799,518,6
-0.0715210784617207,0.0381450201502447,519,3
-0.1695852438981777,0.05233736775898398,520,7
0.015847282647114443,-0.11545530155230768,521,4
-0.14572953707326203,-0.10571428473291386,522,2
0.08389908313453236,0.14339451234329298,523,5
-0.02883466874482423,0.03206919528549449,524,3
0.03927240014716682,-0.18563530690996063,525,4
0.03822725993354339,0.16080618523873524,526,0
-0.06765484627809423,0.07873691594633568,527,3
0.055376300088313325,0.12280316525020456,528,1
-0.17204565135605315,-0.1265286521038534,529,2
-0.29794862508049447,0.08144384151661956,530,8
-0.06101128171163265,0.13781707332851442,531,3
0.05624676417936344,-0.2617724731100235,532,4
-0.046714841683179006,-0.0008761674818169112,533,9
-0.06230661936471427,0.06673646311489706,534,8
-0.050145911225417186,-0.049385415776600494,535,2
0.13299009416980878,0.24053008954938074,536,5
0.034284932867778936,0.09158602091617442,537,5
0.1900406094963317,-0.054600286614193506,538,6
-0.049404319871119616,0.19283635139625072,539,0
0.0544031333398569,0.03641096558958847,540,9
-0.015158397031563518,0.2055684397234626,541,0
-0.012566645788868045,-0.19061110418659807,542,4
-0.021334098507431908,0.010887806253752257,543,3
0.19715779724866897,-0.000536055248585105,544,6
0.08166190891952223,0.19220596853203825,545,5
-0.08872143598301785,0.10009124354064936,546,3
-0.17212160705323234,0.16821570442014172,547,3
-0.12137797559670774,-0.10993044492921666,548,2
0.02118084757212,0.060118033758711456,549,1
-0.1870881410347902,0.18938227707985403,550,3
-0.12802993187882664,0.092420670408416,551,3
-0.12447631886382403,0.21801397018054172,552,3
0.17417249277881466,0.1839385374660625,553,5
0.10379691569502446,0.09391188644019981,554,1
0.04246550102900697,-0.17203008823531563,555,4
0.060530488895324835,-0.1268432713383982,556,4
0.12125753022993228,-0.07213928716186786,557,1
0.08992036330674963,0.028565683597951964,558,6
-0.14159626938572265,-0.06279902483120288,559,9
-0.23320040758157978,0.07790288577282897,560,8
-0.024383323192956777,-0.04472755362046118,561,4
0.1798050456469838,0.053042042321053307,562,6
0.07854158495234305,-0.24189849357217796,563,4
-0.1725364509863243,-0.20364419304797535,564,2
0.08434115892707028,-0.24695018213400158,565,4
-0.056923300551734335,-0.07615692824000055,566,2
0.3043114178379654,0.1291123199161075,567,9
-0.11539588274646635,0.2157330357040131,568,3
-0.16704691626469492,0.05881907726059511,569,8
0.11493385980240137,0.0848749601435513,570,3
-0.0948647171642488,0.10801642089117676,571,3
-0.042831554141299535,0.11982614130085599,572,3
0.07391776552821362,0.14298227020307452,573,5
0.054212619400073006,0.09114484265192499,574,1
0.07919072625626804,0.06432302116740389,575,9
-0.23364531066560731,-0.129888207069463,576,9
0.17314099117228182,0.24962132641592166,577,5
0.06786181023159257,-0.018552445869306926,578,5
0.0020314275114780393,-0.12938059905703325,579,4
-0.0051303274460996855,0.09032307358401995,580,1
-0.03069597989285339,-0.0011470674768881324,581,3
0.0647931760835259,-0.2502736628833275,582,4
0.03816324696576055,-0.030073738230162714,583,7
0.09804458152523865,0.14918881890475966,584,5
0.22850409412549014,-0.03831259298663749,585,6
0.175598398494107,0.04266535909498823,586,6
0.049583260464693565,-0.17618136395668296,587,4
-0.11954852714635852,0.08032474523388097,588,8
-0.042630832684654923,-0.11137383127506907,589,1
6.884404031588237e-05,-0.13554283641684928,590,4
0.03262185903039016,0.02085659879147032,591,6
0.007579156274426343,0.08208371132914713,592,0
0.018280413005753067,0.045451162982934376,593,5
0.007340062316538272,-0.01651703767080631,594,7
0.05539417303633831,0.10739915492265872,595,5
0.05060916318166173,0.1411844462200264,596,5
-0.17097303159795926,0.06753992858391702,597,8
0.3784884511006866,-0.009674249410636182,598,6
0.07967159523640607,0.09412663609939918,599,5
-0.07008885113624075,-0.14769968962975258,600,2
-0.1672164408375313,0.09293215063976541,601,8
0.2124118606655072,-0.1864183771280075,602,9
0.1156787574588947,0.02565993989286511,603,6
0.08764564789587037,-0.2828423666877813,604,4
0.0812189761202538,-0.29524036397716713,605,4
0.06786966301175285,-0.03365853853686037,606,4
0.00750481211118154,0.2143597270922208,607,0
0.19102941358242975,0.061378976628931076,608,6
0.24252469543485056,0.16700227092609002,609,9
0.05856019781569118,0.0018753611001721493,610,6
-0.08998145769131961,0.09880480085895477,611,3
0.07625777919309129,0.07708741705429645,612,5
-0.04719343977240529,-0.03598125001615805,613,2
0.0008801258687421245,0.10635719839907107,614,0
-0.012769476666227525,0.08140446210377004,615,0
0.05263444102787888,0.08020701256561774,616,5
-0.06165956623596758,-0.04195174694257806,617,2
0.16452282679719354,-0.10489591024053974,618,9
0.18391334798070186,-0.016504541986418833,619,6
-0.06529250704256738,-0.10627973385639745,620,2
-0.13574375499242497,-0.006634394438771716,621,9
-0.07827392052339578,0.1363567729528783,622,8
0.16720687351740407,0.053446323751285135,623,1
0.052548040641861006,-0.18161952612605187,624,4
0.12207670882149226,0.022985854005639007,625,6
-0.24668554252808741,-0.16795184861315846,626,2
0.010222589740057528,0.15611601793632038,627,0
0.04073247272106557,0.14168421334430634,628,5
-0.03826854972354749,-0.034692604466897516,629,7
-0.11759237863594318,0.05389207795561038,630,3
-0.16910876226931676,-0.2103897848743475,631,2
-0.09333757710061429,-0.14047806235414778,632,2
0.0400863856010382,-0.08537763962101336,633,4
0.0825047359826067,0.15047697287969283,634,5
-0.14566312310402887,0.16340287276168228,635,3
0.042036319033673546,-0.024919112503904835,636,4
0.07480408839034307,0.11833336943825598,637,9
0.09646517316749352,-0.08041735766555215,638,1
-0.014609327873475048,0.013213119292135568,639,5
0.1510744562700787,0.019542560389452006,640,6
0.08238790183350485,0.1027060821223141,641,5
0.05802011526949054,-0.15456067943328772,642,4
0.17958794415884274,-0.03504115111002049,643,6
0.0683988386106556,-0.30293208370844543,644,4
-0.2881652805948344,0.07046993920923798,645,8
-0.1466648994210169,-0.159942487862965,646,2
-0.18632383672726638,0.04835173415560777,647,8
0.11175585895655545,-0.020152060555990517,648,9
0.11211252447635846,-0.03725444515448452,649,7
0.1844791647426407,-0.10511773304865024,650,9
-0.12532918475878027,-0.1591660828434669,651,2
0.07252500919958361,-0.14595766905084942,652,4
0.06489123359501973,-0.023358621820975534,653,2
0.20811399093147784,-0.04492546905497437,654,6
0.04691012467244282,-0.16117949307696638,655,4
-0.19705892277020448,-0.061490884614866057,656,1
-0.2147901975704631,0.10693334446265253,657,8
-0.12299687431789974,0.10044070491566243,658,7
-0.007641495062428645,0.004244058459917483,659,2
0.03157710399282976,-0.011971030760251668,660,7
0.022632573013336252,0.43282461648546083,661,0
0.08114552564631726,-0.2422235586931516,662,4
-0.34188035995044513,0.059302508602304606,663,8
-0.26123832415204723,0.05526737267957058,664,8
0.22172814815892844,0.01360883739785954,665,6
-0.20911091410692978,0.04915861423738649,666,8
-0.258924164882563,-0.06737403298415423,667,1
-0.006808091107763901,0.0852446941194829,668,8
0.01100029127617335,0.05997781855445808,669,1
0.060817915138195074,-0.07056179947967989,670,4
-0.09667880243336445,0.21545839722291793,671,1
0.010708343687658276,-0.07565317899224354,672,4
0.12418720529785918,-0.026097381442899012,673,6
0.11620022817594744,0.030348784476329924,674,6
0.10359019857938569,0.04439078358750248,675,5
0.0030532665426336596,0.030221491342126486,676,1
0.14472287657499033,0.07405635833917742,677,6
-0.06308919394814462,0.10228138120854845,678,3
0.007868864131888944,0.10348746243636274,679,5
0.025323326651040236,0.0735882214333396,680,5
0.011453394415541523,0.03631465851941346,681,9
-0.1509950282426323,-0.045745593548850334,682,5
-0.1340639503944676,-0.11371851296992917,683,2
0.0048547994050120846,0.05704272063415969,684,5
-0.003059970523296298,-0.05803796896928678,685,2
0.08215445917924191,-0.02361048532453553,686,6
-0.08843530622447365,-0.019824632433591373,687,2
0.03258701129562038,0.02802014278201922,688,7
-0.12821136167004824,-0.0322617378730344,689,8
-0.0795095090810081,0.09601251450016957,690,3
0.0029691782007101215,0.33408825741131815,691,0
-0.08927057605210574,0.003313554545745182,692,8
-0.23443493919228153,-0.03300927546686754,693,7
-0.02539635739808149,0.055640628146737287,694,3
-0.133851050510251,0.022814581150640754,695,7
-0.030424349901096326,-0.00437103684483184,696,9
-0.04816476674315004,0.13457572180402205,697,3
0.0037669844383214027,0.02899527984393701,698,5
0.06553647269180828,0.08881566040467982,699,1
0.07568818325564719,0.06660990133795763,700,3
0.047766390424342046,-0.24596228318891,701,4
-0.18875884849263969,-0.0003989671489203197,702,7
-0.20360629558365748,0.004070885354962662,703,8
-0.13294072616132033,-0.00197137417698424,704,8
0.007542651804880476,0.19768232867884442,705,0
-0.4040149558708348,0.10411658042783092,706,8
0.05412600032486395,-0.09917760698335508,707,4
0.06615081906634622,0.050367420544309816,708,5
0.028438646535546955,0.13268028490818182,709,0
-0.08104086776976144,-0.14404680232806769,710,2
-0.19349455724834902,0.03160954715960513,711,8
0.0008561784720428892,-0.004071057373036332,712,1
0.08747136975658679,-0.31405586749522174,713,4
-0.08134014779152436,-0.08882683364509872,714,9
-0.13922721217718637,0.12676351106468503,715,3
0.0722159673958368,-0.04282093672744284,716,9
0.010962603417764042,-0.11166151686747586,717,4
0.153873680013834,-0.19537652296718136,718,4
0.12180751827088647,-0.2817795030586368,719,4
0.0017038313956613932,-0.1573912089154426,720,4
0.2340818543626878,0.05327732178641805,721,1
-0.023806393857591514,0.07839290791937716,722,3
0.014441949949975198,0.15306281002839806,723,5
-0.19616558691331756,0.0702320472090635,724,8
0.029332568486880976,0.10358719285400338,725,5
-0.30137016458316956,0.10338800645115565,726,8
-0.046929176912749095,0.050952633831517394,727,3
-0.03817618243677443,0.07547071286690826,728,3
-0.06466044811038606,0.10736016998034427,729,3
-0.2052535016313706,-0.06497280915297823,730,9
0.16880344281118606,0.2633778869324386,731,5
0.045468175570248244,-0.11082549932893238,732,4
-0.16904542850804902,-0.05176559204572344,733,2
-0.04583118722122969,0.19284343540811974,734,0
-0.03302672317409068,0.05409916479898001,735,3
-0.09031808424384197,0.01379744465232188,736,0
0.08751331174218817,0.14549064260413164,737,5
0.03724932320727928,0.09728107711310287,738,5
0.04937595013669975,0.06075608042948525,739,5
0.034040925213585774,0.13499035818828758,740,9
-0.05534445935007942,0.04359900672147151,741,3
0.008834673407809166,0.10184549670872607,742,5
0.12438616527437907,0.24735960713123475,743,5
0.028839766497541705,-0.12101741500652716,744,4
0.017531797660550574,-0.27860424002225653,745,4
-0.21398736409897726,0.04948927331099604,746,8
0.07777282761250867,0.11786208347719862,747,5
0.03195735485439868,0.09751849321230133,748,5
0.0663636508815874,-0.19277576394332754,749,4
-0.08827932403812672,0.1057717635276589,750,3
0.05805555570126054,0.11272007808447308,751,5
-0.037780782483821496,0.08532874905440366,752,8
0.10713469882701618,0.06871243590469524,753,5
-0.2133555756042334,0.06267541820564322,754,8
-0.14336905728887145,-0.10012358954939583,755,8
0.1528225569754718,0.06155696717717473,756,6
0.047005755471426824,-0.08973068796956651,757,4
-0.14621096304222744,0.16734608450162194,758,3
0.17301241585520905,-0.14234229237813176,759,6
0.1202692802887117,-0.008981833480425146,760,1
0.024702407944681544,-0.20245730031148004,761,4
0.04966354856267313,0.04270613363318243,762,1
0.007710588929090982,0.03563842625787246,763,5
-0.0024544780205790016,0.05397759455558047,764,0
-0.1160245314881096,0.08903468327109723,765,8
0.03241095436153797,0.05488443015830173,766,5
-0.024188594439807656,0.01901002381933665,767,7
-0.1099114694540439,0.12300890192616651,768,3
0.3042724746373162,-0.034594490887355556,769,6
-0.06346798687307408,0.025276190615075515,770,5
-0.030741007399018062,0.2041088632254012,771,0
-0.013951172000678035,0.2651242265147139,772,0
-0.18258182765352735,0.08841870748489047,773,8
-0.054932687222132855,-0.10200748637685438,774,2
0.12050994184811685,0.004783101581117474,775,6
0.22686713631978428,0.12885789922521734,776,9
-0.04486269023470029,0.148803229145991,777,3
-0.1368916621946625,0.14701323939798908,778,3
0.03641054648534045,0.10055299912939986,779,5
0.2834379543295342,0.14566637078219796,780,1
0.23482379333532646,0.09709745452557161,781,1
-0.03459840010290347,0.08308082646888477,782,3
0.1600356746474295,-0.006254194004748338,783,6
0.039675473710034596,-0.21736846407328148,784,4
0.17672855280791078,0.005252655657629962,785,6
0.19424200709511388,0.05598838154362768,786,1
0.3516772672831063,-0.034459914242614804,787,6
0.13862901113635248,-0.12834277671171954,788,6
-0.04030075475081018,0.08142795226533547,789,3
0.15456521642338156,-0.07063425993277833,790,9
-0.005787120697823227,0.0481070602839212,791,7
0.002085154160707272,0.03395955805623396,792,0
0.21211981023669624,-0.16053161634581348,793,1
0.09141297645551434,-0.01774538848865756,794,6
-0.2118675184481321,-0.2657046224570575,795,2
0.0878811556698091,-0.010159633721362263,796,6
0.09453895823788314,-0.04528734928062486,797,9
0.11378287603722696,0.017732100888842434,798,6
-0.1338611363219676,-0.2156435813076057,799,2
0.007156699758439869,0.01480348554877205,800,9
-0.154599970188857,0.20697928490052006,801,3
0.017354447262523772,0.15658651801595538,802,5
-0.18932977064154344,0.06605545635019007,803,8
0.007535576264421455,0.13574741615189534,804,5
0.11093150815462577,-0.22495561158205896,805,4
-0.15209240089817389,0.12419926647808575,806,3
-0.009832439955060848,-0.2382718699519717,807,9
0.08039846503166165,-0.15050522414650627,808,4
0.06941447709680108,-0.1168735082001413,809,4
-0.09954754792330667,0.12251737480510323,810,3
-0.07827199939874958,0.015373981543503997,811,7
0.05610443320136088,0.04841935694625687,812,0
-0.0007411126416312226,-0.05608907170860286,813,9
-0.256008616936539,0.05650444836113327,814,8
-0.03179012964497538,-0.07224873076294037,815,2
0.010381242996467172,-0.10115804765320359,816,7
0.21205604163787273,0.007624900629192906,817,6
-0.20938359798902934,-0.05647103077300825,818,8
0.14116141131577156,-0.05458507957485808,819,6
-0.11860436191445321,-0.05296346967541729,820,2
-0.01865120152978751,0.02127710006124469,821,3
0.05514674519085539,0.024310699256127527,822,6
0.0017183513094151596,-0.08628201703625486,823,6
0.05344822949071061,0.1267725198181596,824,5
0.14230297247020818,0.33149361535923194,825,5
-0.17051304261051264,0.19916966061632105,826,3
-0.11420285770490814,0.16430903430685703,827,3
0.23482316668822661,0.09709754328526596,828,1
-0.1023575104860795,0.13215319494441957,829,3
-0.01959831113785948,0.0547619094529537,830,7
-0.14086756272984796,0.2193065010688912,831,3
-0.047621473081503954,0.06848602070579307,832,3
0.07181515151064102,0.025257372638054144,833,6
0.07760928122276946,0.09832386204260625,834,0
0.04346207228405039,-0.17294737469584556,835,4
-0.1372241085181951,-0.017259604853491303,836,1
-0.15062312449061613,0.15743531045980516,837,3
0.07742109183630795,-0.17452636312546754,838,4
0.003899650822418032,-0.10823973365197609,839,7
-0.021149794027997375,-0.2094783304285066,840,9
0.049701749451240625,-0.09834844554184495,841,4
0.24679533659630495,0.020982793790926903,842,6
0.04307406872623106,0.006201842699034279,843,9
-0.020764799294274557,0.06711233085469975,844,3
-0.1687211390469049,0.1857848629721466,845,3
0.0482094829175977,-0.19813230732752232,846,4
-0.08173144937136703,-0.06725494690322585,847,2
0.26895951453981065,0.06396913348124966,848,9
-0.09823540647621017,0.04797096643820956,849,8
0.051053914437280266,0.1933214128469028,850,0
0.2452399889722371,-0.0019738067022459075,851,6
-0.015528579312417929,-0.032050013946926435,852,2
-0.033758561052268196,-0.00404380206494105,853,7
-0.020816018760506618,0.08629910978121119,854,0
0.15416760556635,-0.0262146709682543,855,6
-0.021654044398230755,-0.04501490582028435,856,9
0.21040828803509687,0.0010956244981061836,857,6
-0.0768337721532145,-0.10618735629406395,858,2
0.29559751575111376,-0.024268089470452708,859,6
-0.1180026091321868,-0.11274076065593912,860,2
-0.030958707993330354,0.007451829809397809,861,0
-0.22635612981493508,0.03716092045008593,862,8
-0.03976694981683505,-0.1690280317121852,863,2
0.011017085250034224,-0.06796240955533868,864,4
0.04567552170965812,-0.0072516341009415605,865,5
0.04967271666260529,0.1694757868861258,866,5
0.08505732493072427,0.1648023330976453,867,5
0.07283238080594472,0.17216919466225444,868,5
0.23358247533831214,0.14127891340732252,869,1
0.19159292701925804,0.08200591007318947,870,1
0.01926137021177456,0.005658422606550175,871,3
0.11606203235037026,0.0918357644786455,872,6
-0.07160824105105819,0.1462054128304137,873,3
-0.38191395938873895,0.09428586228408493,874,8
0.09142549801816836,0.06415125568692329,875,0
-0.013550181632957075,-0.030705141638563804,876,4
0.18474473136639774,0.23486310872445543,877,5
-0.031917856830965013,0.22747365105687822,878,0
0.2870720797804184,-0.0014140036926365113,879,6
-0.019394039658671754,-0.11615508392645219,880,2
0.10199314664823866,0.12329488143637996,881,5
0.05736500889236234,-0.046086310158644145,882,1
0.09894999113956227,-0.1499130021587512,883,4
0.26798853252711696,-0.2019076709235522,884,9
0.06056271492699129,0.15793493667330255,885,5
-0.08864849402153847,-0.12261558066893491,886,2
-0.1782916948596014,-0.06993956649639688,887,0
-0.01766970063170718,0.038732404353379,888,0
0.19300238812823395,0.020514207037721794,889,6
-0.21210403543107884,-0.0011427277374792544,890,8
0.012682380578715267,-0.03292120533292425,891,2
-0.024129984906913978,-0.022746656225644774,892,2
-0.12282358419125385,0.14378928431892202,893,3
0.04365456914093284,-0.12587725778858241,894,4
-0.08431804694510915,-0.061948724256073645,895,7
-0.018410137606364285,0.04257541229476851,896,3
-0.06643807581100548,0.04350967288926168,897,3
-0.046989750913040994,-0.009370129227036268,898,2
0.03921174502378372,0.12960075425756484,899,5
0.12688201595868318,0.12380327071459252,900,5
-0.00011370949971367134,0.025788963124202355,901,0
-0.04070409283723206,0.1735574691431776,902,0
-0.010682531024546573,0.26282168994403926,903,0
-0.19724862946538385,0.22614344865199718,904,3
0.003318990416217719,0.18741968625921024,905,5
-0.05132491679567492,0.012416742375577454,906,2
-0.0834424046495875,0.009292982105246891,907,2
-0.28535214286197924,0.1626616093362351,908,8
-0.04730910613746735,0.1837391226123991,909,0
0.05763318980119963,0.03304477920931246,910,5
-0.14534643209122622,-0.0013333071777447702,911,0
-0.012247090969322312,0.12895531841354468,912,0
-0.09179503559036062,0.14236299429894897,913,3
0.06265086948389273,-0.1711879781946681,914,4
0.219235925964729,0.04431756092897184,915,9
0.1693906498231272,0.021964878945207045,916,6
0.0909753115431586,-0.008723442364673173,917,1
0.09548595487194242,0.06030264147512853,918,1
0.2142742992142981,0.05472765394297465,919,1
0.1396292319071995,-0.07777086316626282,920,1
0.09526826982952956,-0.02897595827733689,921,1
-0.0730544936447201,0.10213862618760149,922,3
0.05605750621263513,0.1736286734963765,923,0
0.0029464878158741202,0.014055278191774717,924,0
-0.20247144308343068,0.11308181486631301,925,8
0.01266651175326779,-0.08125514397751522,926,4
-0.028136450504443,0.13108747044033942,927,3
-0.30844857480285764,-0.0032890035355441763,928,8
0.2319235427554197,-0.036414327724948646,929,6
0.17611740917503135,-0.13764537616382136,930,1
-0.013433193521697601,-0.0006487580724873678,931,8
-0.07557224820053819,0.13587099445114725,932,3
-0.016701100099125007,0.1340188759913211,933,5
0.03929373267256164,-0.06349374244932687,934,4
0.05453778439246321,-0.013780596663663764,935,6
-0.11481817199637287,-0.15759416253129013,936,2
-0.10011999893947172,-0.0488315495306243,937,2
-0.14376258997783825,-0.12299164028286229,938,2
-0.03232956587598036,-0.14105859562988154,939,4
-0.06332878355817208,-0.17387424696862808,940,2
-0.29789422453971576,-0.29631014270844336,941,2
-0.1539450113484109,0.07885791098251975,942,3
-0.02901345359868518,-0.09152520658579578,943,4
0.10322273688735649,0.2060868080606021,944,5
0.1348940747842398,0.06758415613753178,945,6
-0.05900645623035928,0.06548719011134492,946,0
-0.013542140632048718,0.08756422010769252,947,3
-0.2397479082512373,0.04846011626999258,948,8
0.10962832774270871,0.22739932273007527,949,5
-0.014211156778593378,-0.021248483793651723,950,5
-0.09576023623980408,-0.14106728069309946,951,2
-0.009347974778500866,-0.02341099505342787,952,7
0.07023723665460119,-0.09720654754226536,953,7
-0.0442695561685574,0.05218828966210807,954,3
-0.08770925571247022,0.014639943624796488,955,8
-0.01789110134841549,-0.008196921193758625,956,8
0.05229684323902202,-0.26137569757854906,957,4
-0.10845677468774659,-0.0942141767213903,958,2
-0.07402779187013467,0.04916628231462336,959,8
-0.06385524509939407,0.08297892279859743,960,7
0.03271855784271783,0.07692945806951991,961,1
-0.0014270558273841792,0.17110974157044978,962,5
-0.1168616113250235,0.20535420358619538,963,3
0.05553131425802767,0.0537290751035396,964,6
-0.14798789663347336,0.21308596059233895,965,3
0.0347965093300534,0.025891025576688688,966,5
-0.2143133295093531,0.020138105686837694,967,8
0.09834213246921886,-0.03375378646364726,968,6
0.03057065173979342,-0.09142008911781234,969,4
-0.15588477985333618,-0.19678576781056298,970,2
-0.12119440472098772,-0.17619737304605038,971,2
0.07362042206993769,0.1367728665326113,972,5
-0.03510500303506744,-0.0349043316324334,973,2
-0.12567893143718384,-0.12498760574643634,974,2
0.015114823592150788,0.0010242270749310169,975,3
-0.05605771941063405,-0.006947932646048201,976,8
-0.030528992747168453,0.04146899335870572,977,3
-0.04987194362547089,-0.059943648791108216,978,2
0.08661745959187311,0.09546100469332582,979,5
0.023737201712314405,0.03457438853253018,980,5
-0.1775368914110729,0.22712434727172745,981,3
-0.129990989932062,0.06457317313887045,982,8
-0.13547400334859136,0.05336357786068888,983,0
-0.06474789585385342,-0.09872717653685645,984,9
-0.08631919857140437,0.08054161802110942,985,0
-0.14871658373775673,-0.12612427796495396,986,2
0.23787966348386835,-0.11283063425784311,987,9
0.10458093740887058,0.16451235193207356,988,5
-0.07025763304185621,0.024096798084944696,989,8
-0.32471524938409707,0.03729952670540535,990,8
0.04152788596051893,-0.0485784112357079,991,1
-0.22111810602477888,0.028396523422422586,992,8
-0.09807245253720619,0.0297383537103662,993,8
0.016708294174080145,0.02779066640155701,994,5
0.05615017146215116,0.1425917940663517,995,5
0.03754473127908322,-0.1460951218262993,996,4
-0.05325703229442307,0.03119265980219886,997,3
-0.1305076656052637,0.038223429404819174,998,8
-0.04191257469005155,0.0428245413860702,999,5
-0.10869036940335602,0.09826775107391518,1000,3
-0.13244425319634845,-0.05461697295530852,1001,7
0.0018852437710214231,0.08523476079861467,1002,1
-0.25186804562936194,0.040868913075014134,1003,8
0.05102867646808604,0.09605569699444787,1004,5
-0.029847037593754497,0.006293522016654398,1005,8
-0.1587847967151629,-0.11887243801213737,1006,2
-0.09805099578157185,-0.19426993107823187,1007,2
-0.04422893655713466,-0.07703515140004469,1008,7
-0.19621821565040795,0.07540752270480627,1009,8
-0.18544515234472642,0.023866320152399464,1010,8
-0.0009575024741522286,-0.03040337961066878,1011,4
0.03290657415767893,0.00048332784597571063,1012,1
-0.09031798247112462,0.042997187417263834,1013,8
-0.06582672309253773,-0.08167399349796182,1014,2
-0.012019672786013121,0.10758010880899944,1015,0
-0.059552980418225765,-0.11810848570645499,1016,2
-0.13750820729606122,0.018341310043800647,1017,8
-0.14530954185721973,0.0193076174293012,1018,3
-0.1309185176823104,-0.1660026104495297,1019,2
-0.1519748988161266,-0.07208198754648157,1020,1
-0.19601680700414326,-0.015145616416766731,1021,8
-0.0016315965309547423,-0.0396699628610754,1022,7
-0.24067541073751694,0.007721145638666694,1023,8
-0.0665745928621649,-0.07119485836505461,1024,9
-0.04060954190997128,-0.09509475015107921,1025,7
0.029207956914069928,0.12222420598591983,1026,0
-0.2524625038336584,0.06008611623985911,1027,8
-0.04202603073246905,0.01376030714525753,1028,8
-0.017177032928781984,-0.0943789209658515,1029,7
-0.1326367411140229,-0.07277036398541127,1030,8
0.09780320545992262,-0.12901785161707166,1031,4
0.0695513023865303,-0.08027074138976556,1032,4
-0.06750848004136811,0.02669674463171091,1033,3
-0.28745006515238886,0.10490456865063423,1034,8
0.23830138341082116,-0.06673394896409299,1035,6
-0.16720275770576848,-0.016183772259625202,1036,8
-0.08730547872307752,0.02989508742701681,1037,8
-0.018700419412853712,0.20377497037059997,1038,0
-0.0065698044395359504,0.10275021130538257,1039,0
-0.03296330822632408,-0.0015029098739356252,1040,7
0.004141362253681659,0.006549184613715803,1041,9
-0.20458141154852982,-0.22175812771823641,1042,2
-0.02846078432223306,0.12019631508918409,1043,3
-0.3439067248900585,0.38465152387780566,1044,3
-0.05011212482741706,0.051293959391650205,1045,3
-0.02406002150890275,0.060526967243888445,1046,3
-0.11491639001405231,0.03641493332382231,1047,8
-0.048754290476381024,-0.06607452789735051,1048,2
0.1288366082770032,0.14137967606473306,1049,5
0.00512594432890555,0.11097923061220212,1050,0
0.03671307920627826,-0.0928621796706604,1051,4
-0.2024390144042551,-0.026529920527218736,1052,7
-0.017717598905311854,0.09413101759601483,1053,8
-0.05572890598379205,0.061053124452420005,1054,3
-0.0287916806833572,0.21698395962736783,1055,0
0.021647799229019188,0.09109343675957854,1056,7
0.08997667475401636,-0.056862978409597226,1057,9
0.014338027961822217,0.058801882027758566,1058,0
-0.03467483066363341,0.243826183873553,1059,0
0.016728799728243277,0.07075691313822975,1060,5
-0.10107817009399844,-0.013646066553586411,1061,7
-0.09217773529562345,-0.2880290706318352,1062,9
-0.014051994625079169,0.18683692541349015,1063,0
-0.21609246020091213,-0.00718061369487768,1064,8
-0.07881204321392302,0.05925540651668114,1065,3
-0.03885049819946139,0.10712503365240299,1066,7
-0.06845737692897277,0.14695536312003693,1067,3
-0.04632345108749422,0.11937124328042457,1068,3
0.17621835299225616,0.06960126427921194,1069,6
-0.059767942707611155,0.10855431078489754,1070,3
-0.1534631696340785,0.0460147804378805,1071,8
-0.09259523639832787,0.01139395674153328,1072,3
0.09017771167559163,-0.011009857370950197,1073,6
-0.05131592933174523,0.002819014901162689,1074,8
-0.049596587398409255,0.01370882100820362,1075,3
-0.05534798547225248,0.08926042606282429,1076,3
-0.0739168153406216,-0.11494769492668853,1077,2
0.006260622070475867,0.051618743124227026,1078,5
-0.1667218585609694,-0.14500439724092054,1079,2
0.03047395849631891,-0.09830306434944462,1080,4
-0.019559407955715816,0.06261662179962604,1081,0
0.0025550806070611127,0.02358494864293258,1082,3
-0.10400978100597781,-0.08677023668066706,1083,9
0.1428877457084733,-0.0797094499901985,1084,1
0.003704339568903543,0.03951370369442539,1085,3
-0.14750084793723933,-0.0281831487090329,1086,0
-0.07279840482967347,0.11320939018570833,1087,3
0.00484935777199159,0.06809440776182311,1088,5
-0.04112605452996889,0.03826144570381504,1089,8
0.034108264100448885,-0.005487121081610417,1090,6
0.3254531122916253,-0.0550194626680333,1091,6
-0.20437182225718753,-0.12532445625416277,1092,2
0.10189965186628552,0.058419972625096364,1093,6
0.0239591423648115,0.03783790309047437,1094,5
-0.2056075002921628,-0.0446080249721387,1095,7
0.024209912311050356,0.10983072638284587,1096,5
-0.1564833576475802,0.08742885101290372,1097,8
0.0028881831150458716,-0.019298435030766902,1098,5
-0.04484413514406995,0.16667500557717255,1099,0
0.06501216009304533,-0.06642547764950524,1100,2
-0.11962693410976,0.06396773521586281,1101,8
-0.02939532576319787,0.08839607413281601,1102,5
-0.0019870120980388776,0.19040380819547303,1103,5
-0.19609580299531093,-0.1915716153738082,1104,2
0.08591820160049214,0.03698801618664594,1105,6
0.08671201515189379,-0.08793122145685874,1106,9
-0.11211583849040511,0.03511279753875876,1107,8
-0.025484056971927144,-0.007545733626873842,1108,9
-0.2678779871361477,-0.1388410847325374,1109,9
0.009900344358387712,0.019424217622413358,1110,7
0.06556035797547212,0.14799107752622506,1111,5
-0.1935586493823634,0.062420625496693874,1112,8
-0.07377375343122627,0.06195917868538304,1113,8
-0.09923937608509943,0.03809045695701569,1114,8
0.12388011967712866,0.03958298640076091,1115,8
0.10175746959226437,-0.01649921633299534,1116,6
-0.03779641988526785,-0.015301645682178679,1117,8
-0.056416682192649205,-0.032100535183177084,1118,7
0.014218016827762666,-0.002397000713615755,1119,9
-0.008343592076695138,-0.007200911924791379,1120,1
-0.1121078388234212,0.017645239952716135,1121,8
-0.052688000118758585,0.06603495787283457,1122,3
-0.022715770794758804,0.029120828183444414,1123,8
0.2852918022149253,-0.031277411114118,1124,6
0.0482440071308283,0.12667412428607552,1125,5
-0.09423950792170153,0.11794525613336541,1126,3
0.12454339408732691,0.003423156678896564,1127,9
0.032918736637944555,-0.02435826701307047,1128,7
-0.04175077429934078,0.0194612211944408,1129,3
-0.09405727688278756,0.02357645685383089,1130,8
-0.05287532248257728,0.19010683598386646,1131,0
-0.09559643232124822,-0.03736015855646983,1132,7
0.11622466234643956,0.20189146471673625,1133,5
-0.13258357059292125,0.031044542476207658,1134,8
-0.10988238441228954,0.061382472673311025,1135,8
-0.04153912426363323,0.0510545194395625,1136,8
-0.02717582674279248,0.04385769643866661,1137,8
-0.12024594704107698,0.040458373320703664,1138,8
0.12133651275279905,-0.03096086449416807,1139,6
-0.07485081561594303,-0.01388475229148,1140,7
0.1040214977552324,0.13755739026858632,1141,5
0.09749187181634128,0.12327171481086706,1142,5
-0.25029963311232867,0.020413364171459614,1143,8
-0.0496080944539825,-0.005275373813136468,1144,7
-0.05887964748307147,-0.015670570589110346,1145,1
0.007621829149224734,0.05792109187024858,1146,1
-0.09375297141252835,-0.02984388265039878,1147,8
0.02360419047320561,-0.06252951262837199,1148,9
-0.12797446626140402,-0.12751832453342482,1149,2
-0.10670279077812475,-0.08045860612525399,1150,2
0.16259604840370967,-0.007119761643150887,1151,6
-0.017718003583256283,0.010726866779531479,1152,8
-0.014994216610075412,-0.07625962507212801,1153,0
0.008427145027494773,-0.18794613782231673,1154,4
-0.007772242770760842,0.12238806603468858,1155,5
